{
  "ablation": {
    "resnet50": {
      "0.1": 0.1899886234357224,
      "0.25": 0.43686006825938567,
      "0.5": 0.7315130830489193,
      "0.75": 0.7974971558589306,
      "1.0": 0.8680318543799772
    }
  },
  "thresholds": {
    "resnet50": 0.5
  }
}