{
  "accuracy": 0.7170172084130019,
  "macro_precision": 0.3560752769753898,
  "macro_recall": 0.37304359793389524,
  "macro_f1": 0.3464148693203887,
  "per_class": {
    "Aa13": {
      "precision": 0.0,
      "recall": 0.0,
      "f1": 0.0
    },
    "Aa15": {
      "precision": 0.6,
      "recall": 0.6,
      "f1": 0.6
    },
    "F18": {
      "precision": 0.0,
      "recall": 0.0,
      "f1": 0.0
    },
    "a1": {
      "precision": 0.5806451612903226,
      "recall": 1.0,
      "f1": 0.7346938775510204
    },
    "a17": {
      "precision": 0.0,
      "recall": 0.0,
      "f1": 0.0
    },
    "a19": {
      "precision": 0.0,
      "recall": 0.0,
      "f1": 0.0
    },
    "a2": {
      "precision": 0.0,
      "recall": 0.0,
      "f1": 0.0
    },
    "a24": {
      "precision": 0.0,
      "recall": 0.0,
      "f1": 0.0
    },
    "a30": {
      "precision": 0.0,
      "recall": 0.0,
      "f1": 0.0
    },
    "a40": {
      "precision": 0.6666666666666666,
      "recall": 0.6666666666666666,
      "f1": 0.6666666666666666
    },
    "a42": {
      "precision": 0.0,
      "recall": 0.0,
      "f1": 0.0
    },
    "a50": {
      "precision": 0.0,
      "recall": 0.0,
      "f1": 0.0
    },
    "b1": {
      "precision": 0.4,
      "recall": 0.8,
      "f1": 0.5333333333333333
    },
    "d1": {
      "precision": 0.0,
      "recall": 0.0,
      "f1": 0.0
    },
    "d2": {
      "precision": 0.3333333333333333,
      "recall": 0.6,
      "f1": 0.42857142857142855
    },
    "d21": {
      "precision": 0.918918918918919,
      "recall": 0.918918918918919,
      "f1": 0.918918918918919
    },
    "d28": {
      "precision": 0.6428571428571429,
      "recall": 0.9,
      "f1": 0.75
    },
    "d35": {
      "precision": 0.6666666666666666,
      "recall": 1.0,
      "f1": 0.8
    },
    "d36": {
      "precision": 0.9375,
      "recall": 0.8823529411764706,
      "f1": 0.9090909090909091
    },
    "d37": {
      "precision": 0.5384615384615384,
      "recall": 0.875,
      "f1": 0.6666666666666666
    },
    "d39": {
      "precision": 0.0,
      "recall": 0.0,
      "f1": 0.0
    },
    "d4": {
      "precision": 0.8518518518518519,
      "recall": 0.92,
      "f1": 0.8846153846153846
    },
    "d40": {
      "precision": 0.0,
      "recall": 0.0,
      "f1": 0.0
    },
    "d45": {
      "precision": 0.5,
      "recall": 0.25,
      "f1": 0.3333333333333333
    },
    "d46": {
      "precision": 0.6923076923076923,
      "recall": 0.9,
      "f1": 0.782608695652174
    },
    "d52": {
      "precision": 0.0,
      "recall": 0.0,
      "f1": 0.0
    },
    "d54": {
      "precision": 0.0,
      "recall": 0.0,
      "f1": 0.0
    },
    "d55": {
      "precision": 0.46153846153846156,
      "recall": 0.8571428571428571,
      "f1": 0.6
    },
    "d58": {
      "precision": 0.875,
      "recall": 0.5384615384615384,
      "f1": 0.6666666666666666
    },
    "d60": {
      "precision": 1.0,
      "recall": 0.6666666666666666,
      "f1": 0.8
    },
    "e1": {
      "precision": 0.3333333333333333,
      "recall": 0.5,
      "f1": 0.4
    },
    "e10": {
      "precision": 0.0,
      "recall": 0.0,
      "f1": 0.0
    },
    "e16": {
      "precision": 0.0,
      "recall": 0.0,
      "f1": 0.0
    },
    "e34": {
      "precision": 0.25,
      "recall": 0.5,
      "f1": 0.3333333333333333
    },
    "e7": {
      "precision": 0.0,
      "recall": 0.0,
      "f1": 0.0
    },
    "f1": {
      "precision": 0.42857142857142855,
      "recall": 0.8571428571428571,
      "f1": 0.5714285714285714
    },
    "f12": {
      "precision": 1.0,
      "recall": 0.3333333333333333,
      "f1": 0.5
    },
    "f21": {
      "precision": 0.0,
      "recall": 0.0,
      "f1": 0.0
    },
    "f26": {
      "precision": 1.0,
      "recall": 0.5,
      "f1": 0.6666666666666666
    },
    "f31": {
      "precision": 0.6153846153846154,
      "recall": 1.0,
      "f1": 0.7619047619047619
    },
    "f32": {
      "precision": 0.0,
      "recall": 0.0,
      "f1": 0.0
    },
    "f35": {
      "precision": 0.6428571428571429,
      "recall": 1.0,
      "f1": 0.782608695652174
    },
    "f39": {
      "precision": 0.25,
      "recall": 0.2,
      "f1": 0.2222222222222222
    },
    "f4": {
      "precision": 0.0,
      "recall": 0.0,
      "f1": 0.0
    },
    "g14": {
      "precision": 0.0,
      "recall": 0.0,
      "f1": 0.0
    },
    "g17": {
      "precision": 0.5652173913043478,
      "recall": 0.8666666666666667,
      "f1": 0.6842105263157895
    },
    "g36": {
      "precision": 1.0,
      "recall": 0.6,
      "f1": 0.75
    },
    "g37": {
      "precision": 0.0,
      "recall": 0.0,
      "f1": 0.0
    },
    "g38": {
      "precision": 0.0,
      "recall": 0.0,
      "f1": 0.0
    },
    "g40": {
      "precision": 0.3333333333333333,
      "recall": 0.5,
      "f1": 0.4
    },
    "g43": {
      "precision": 0.5925925925925926,
      "recall": 0.8421052631578947,
      "f1": 0.6956521739130435
    },
    "g5": {
      "precision": 0.0,
      "recall": 0.0,
      "f1": 0.0
    },
    "h1": {
      "precision": 0.6,
      "recall": 0.6,
      "f1": 0.6
    },
    "h6": {
      "precision": 0.0,
      "recall": 0.0,
      "f1": 0.0
    },
    "h8": {
      "precision": 0.0,
      "recall": 0.0,
      "f1": 0.0
    },
    "i1": {
      "precision": 0.0,
      "recall": 0.0,
      "f1": 0.0
    },
    "i10": {
      "precision": 0.25,
      "recall": 0.16666666666666666,
      "f1": 0.2
    },
    "i15": {
      "precision": 0.0,
      "recall": 0.0,
      "f1": 0.0
    },
    "i9": {
      "precision": 0.8717948717948718,
      "recall": 1.0,
      "f1": 0.9315068493150684
    },
    "l1": {
      "precision": 0.0,
      "recall": 0.0,
      "f1": 0.0
    },
    "l2": {
      "precision": 0.5,
      "recall": 0.3333333333333333,
      "f1": 0.4
    },
    "m12": {
      "precision": 0.5714285714285714,
      "recall": 0.4444444444444444,
      "f1": 0.5
    },
    "m16": {
      "precision": 0.5,
      "recall": 0.25,
      "f1": 0.3333333333333333
    },
    "m17": {
      "precision": 0.8245614035087719,
      "recall": 0.9591836734693877,
      "f1": 0.8867924528301887
    },
    "m18": {
      "precision": 0.0,
      "recall": 0.0,
      "f1": 0.0
    },
    "m2": {
      "precision": 0.0,
      "recall": 0.0,
      "f1": 0.0
    },
    "m20": {
      "precision": 0.0,
      "recall": 0.0,
      "f1": 0.0
    },
    "m22": {
      "precision": 0.0,
      "recall": 0.0,
      "f1": 0.0
    },
    "m23": {
      "precision": 0.8095238095238095,
      "recall": 0.9444444444444444,
      "f1": 0.8717948717948718
    },
    "m3": {
      "precision": 0.0,
      "recall": 0.0,
      "f1": 0.0
    },
    "m42": {
      "precision": 0.0,
      "recall": 0.0,
      "f1": 0.0
    },
    "n1": {
      "precision": 0.7,
      "recall": 0.7777777777777778,
      "f1": 0.7368421052631579
    },
    "n14": {
      "precision": 0.6666666666666666,
      "recall": 0.5,
      "f1": 0.5714285714285714
    },
    "n18": {
      "precision": 0.0,
      "recall": 0.0,
      "f1": 0.0
    },
    "n23": {
      "precision": 0.0,
      "recall": 0.0,
      "f1": 0.0
    },
    "n25": {
      "precision": 0.4444444444444444,
      "recall": 1.0,
      "f1": 0.6153846153846154
    },
    "n26": {
      "precision": 1.0,
      "recall": 0.75,
      "f1": 0.8571428571428571
    },
    "n33": {
      "precision": 0.6153846153846154,
      "recall": 0.8421052631578947,
      "f1": 0.7111111111111111
    },
    "n33b": {
      "precision": 0.0,
      "recall": 0.0,
      "f1": 0.0
    },
    "n35": {
      "precision": 0.9322033898305084,
      "recall": 1.0,
      "f1": 0.9649122807017544
    },
    "n36": {
      "precision": 0.6666666666666666,
      "recall": 1.0,
      "f1": 0.8
    },
    "n37": {
      "precision": 0.0,
      "recall": 0.0,
      "f1": 0.0
    },
    "n42": {
      "precision": 0.0,
      "recall": 0.0,
      "f1": 0.0
    },