{
  "accuracy": 0.9302103250478011,
  "macro_precision": 0.8825587300050949,
  "macro_recall": 0.8638069265088069,
  "macro_f1": 0.8604099802278193,
  "per_class": {
    "Aa13": {
      "precision": 1.0,
      "recall": 1.0,
      "f1": 1.0
    },
    "Aa15": {
      "precision": 1.0,
      "recall": 1.0,
      "f1": 1.0
    },
    "F18": {
      "precision": 1.0,
      "recall": 1.0,
      "f1": 1.0
    },
    "a1": {
      "precision": 1.0,
      "recall": 0.9444444444444444,
      "f1": 0.9714285714285714
    },
    "a17": {
      "precision": 1.0,
      "recall": 1.0,
      "f1": 1.0
    },
    "a19": {
      "precision": 1.0,
      "recall": 1.0,
      "f1": 1.0
    },
    "a2": {
      "precision": 0.8,
      "recall": 1.0,
      "f1": 0.8888888888888888
    },
    "a24": {
      "precision": 0.6666666666666666,
      "recall": 1.0,
      "f1": 0.8
    },
    "a30": {
      "precision": 1.0,
      "recall": 1.0,
      "f1": 1.0
    },
    "a40": {
      "precision": 1.0,
      "recall": 1.0,
      "f1": 1.0
    },
    "a42": {
      "precision": 1.0,
      "recall": 1.0,
      "f1": 1.0
    },
    "a50": {
      "precision": 1.0,
      "recall": 1.0,
      "f1": 1.0
    },
    "b1": {
      "precision": 1.0,
      "recall": 1.0,
      "f1": 1.0
    },
    "d1": {
      "precision": 1.0,
      "recall": 0.3333333333333333,
      "f1": 0.5
    },
    "d2": {
      "precision": 1.0,
      "recall": 1.0,
      "f1": 1.0
    },
    "d21": {
      "precision": 0.9714285714285714,
      "recall": 0.918918918918919,
      "f1": 0.9444444444444444
    },
    "d28": {
      "precision": 1.0,
      "recall": 1.0,
      "f1": 1.0
    },
    "d35": {
      "precision": 1.0,
      "recall": 1.0,
      "f1": 1.0
    },
    "d36": {
      "precision": 0.9411764705882353,
      "recall": 0.9411764705882353,
      "f1": 0.9411764705882353
    },
    "d37": {
      "precision": 0.8235294117647058,
      "recall": 0.875,
      "f1": 0.8484848484848485
    },
    "d39": {
      "precision": 1.0,
      "recall": 0.6666666666666666,
      "f1": 0.8
    },
    "d4": {
      "precision": 0.9615384615384616,
      "recall": 1.0,
      "f1": 0.9803921568627451
    },
    "d40": {
      "precision": 0.75,
      "recall": 0.6,
      "f1": 0.6666666666666666
    },
    "d45": {
      "precision": 1.0,
      "recall": 1.0,
      "f1": 1.0
    },
    "d46": {
      "precision": 1.0,
      "recall": 0.9,
      "f1": 0.9473684210526315
    },
    "d52": {
      "precision": 1.0,
      "recall": 1.0,
      "f1": 1.0
    },
    "d54": {
      "precision": 0.0,
      "recall": 0.0,
      "f1": 0.0
    },
    "d55": {
      "precision": 0.7,
      "recall": 1.0,
      "f1": 0.8235294117647058
    },
    "d58": {
      "precision": 1.0,
      "recall": 1.0,
      "f1": 1.0
    },
    "d60": {
      "precision": 1.0,
      "recall": 1.0,
      "f1": 1.0
    },
    "e1": {
      "precision": 1.0,
      "recall": 1.0,
      "f1": 1.0
    },
    "e10": {
      "precision": 1.0,
      "recall": 1.0,
      "f1": 1.0
    },
    "e16": {
      "precision": 1.0,
      "recall": 1.0,
      "f1": 1.0
    },
    "e34": {
      "precision": 0.8,
      "recall": 1.0,
      "f1": 0.8888888888888888
    },
    "e7": {
      "precision": 1.0,
      "recall": 1.0,
      "f1": 1.0
    },
    "f1": {
      "precision": 0.7777777777777778,
      "recall": 1.0,
      "f1": 0.875
    },
    "f12": {
      "precision": 1.0,
      "recall": 1.0,
      "f1": 1.0
    },
    "f21": {
      "precision": 1.0,
      "recall": 0.5,
      "f1": 0.6666666666666666
    },
    "f26": {
      "precision": 1.0,
      "recall": 1.0,
      "f1": 1.0
    },
    "f31": {
      "precision": 0.8,
      "recall": 1.0,
      "f1": 0.8888888888888888
    },
    "f32": {
      "precision": 1.0,
      "recall": 1.0,
      "f1": 1.0
    },
    "f35": {
      "precision": 1.0,
      "recall": 1.0,
      "f1": 1.0
    },
    "f39": {
      "precision": 1.0,
      "recall": 1.0,
      "f1": 1.0
    },
    "f4": {
      "precision": 1.0,
      "recall": 1.0,
      "f1": 1.0
    },
    "g14": {
      "precision": 0.5,
      "recall": 0.3333333333333333,
      "f1": 0.4
    },
    "g17": {
      "precision": 0.875,
      "recall": 0.9333333333333333,
      "f1": 0.9032258064516129
    },
    "g36": {
      "precision": 1.0,
      "recall": 0.8,
      "f1": 0.8888888888888888
    },
    "g37": {
      "precision": 1.0,
      "recall": 1.0,
      "f1": 1.0
    },
    "g38": {
      "precision": 1.0,
      "recall": 1.0,
      "f1": 1.0
    },
    "g40": {
      "precision": 1.0,
      "recall": 1.0,
      "f1": 1.0
    },
    "g43": {
      "precision": 1.0,
      "recall": 0.9473684210526315,
      "f1": 0.972972972972973
    },
    "g5": {
      "precision": 0.5,
      "recall": 1.0,
      "f1": 0.6666666666666666
    },
    "h1": {
      "precision": 1.0,
      "recall": 1.0,
      "f1": 1.0
    },
    "h6": {
      "precision": 1.0,
      "recall": 0.8,
      "f1": 0.8888888888888888
    },
    "h8": {
      "precision": 1.0,
      "recall": 1.0,
      "f1": 1.0
    },
    "i1": {
      "precision": 0.5,
      "recall": 0.5,
      "f1": 0.5
    },
    "i10": {
      "precision": 1.0,
      "recall": 1.0,
      "f1": 1.0
    },
    "i15": {
      "precision": 1.0,
      "recall": 1.0,
      "f1": 1.0
    },
    "i9": {
      "precision": 0.9714285714285714,
      "recall": 1.0,
      "f1": 0.9855072463768116
    },
    "l1": {
      "precision": 1.0,
      "recall": 0.75,
      "f1": 0.8571428571428571
    },
    "l2": {
      "precision": 1.0,
      "recall": 0.6666666666666666,
      "f1": 0.8
    },
    "m12": {
      "precision": 0.8,
      "recall": 0.8888888888888888,
      "f1": 0.8421052631578947
    },
    "m16": {
      "precision": 1.0,
      "recall": 1.0,
      "f1": 1.0
    },
    "m17": {
      "precision": 0.9795918367346939,
      "recall": 0.9795918367346939,
      "f1": 0.9795918367346939
    },
    "m18": {
      "precision": 0.6666666666666666,
      "recall": 1.0,
      "f1": 0.8
    },
    "m2": {
      "precision": 1.0,
      "recall": 1.0,
      "f1": 1.0
    },
    "m20": {
      "precision": 1.0,
      "recall": 0.5,
      "f1": 0.6666666666666666
    },
    "m22": {
      "precision": 0.0,
      "recall": 0.0,
      "f1": 0.0
    },
    "m23": {
      "precision": 0.9473684210526315,
      "recall": 1.0,
      "f1": 0.972972972972973
    },
    "m3": {
      "precision": 1.0,
      "recall": 0.6666666666666666,
      "f1": 0.8
    },
    "m42": {
      "precision": 1.0,
      "recall": 1.0,
      "f1": 1.0
    },
    "n1": {
      "precision": 0.8181818181818182,
      "recall": 1.0,
      "f1": 0.9
    },
    "n14": {
      "precision": 0.8,
      "recall": 1.0,
      "f1": 0.8888888888888888
    },
    "n18": {
      "precision": 0.0,
      "recall": 0.0,
      "f1": 0.0
    },
    "n23": {
      "precision": 1.0,
      "recall": 1.0,
      "f1": 1.0
    },
    "n25": {
      "precision": 1.0,
      "recall": 1.0,
      "f1": 1.0
    },
    "n26": {
      "precision": 0.75,
      "recall": 0.75,
      "f1": 0.75
    },
    "n33": {
      "precision": 0.7727272727272727,
      "recall": 0.8947368421052632,
      "f1": 0.8292682926829268
    },
    "n33b": {
      "precision": 1.0,
      "recall": 1.0,
      "f1": 1.0
    },
    "n35": {
      "precision": 1.0,
      "recall": 1.0,
      "f1": 1.0
    },
    "n36": {
      "precision": 1.0,
      "recall": 1.0,
      "f1": 1.0
    },
    "n37": {
      "precision": 1.0,
      "recall": 1.0,
      "f1": 1.0
    },
    "n42": {
      "precision": 1.0,
      "recall": 1.0,
      "f1": 1.0
    },
    "n8": {
      "precision": 1.0,
      "recall": 1.0,
      "f1": 1.0
    },
    "o1": {
      "precision": 0.8823529411764706,
      "recall": 1.0,
      "f1": 0.9375
    },
    "o29": {
      "precision": 1.0,
      "recall": 0.5,
      "f1": 0.6666666666666666
    },
    "o3": {
      "precision": 0.5,
      "recall": 1.0,
      "f1": 0.6666666666666666
    },