{
  "accuracy": 0.8957934990439771,
  "macro_precision": 0.7432578960342598,
  "macro_recall": 0.7221668159455464,
  "macro_f1": 0.7151975769160166,
  "per_class": {
    "Aa13": {
      "precision": 0.0,
      "recall": 0.0,
      "f1": 0.0
    },
    "Aa15": {
      "precision": 0.8181818181818182,
      "recall": 0.9,
      "f1": 0.8571428571428571
    },
    "F18": {
      "precision": 1.0,
      "recall": 1.0,
      "f1": 1.0
    },
    "a1": {
      "precision": 0.8947368421052632,
      "recall": 0.9444444444444444,
      "f1": 0.918918918918919
    },
    "a17": {
      "precision": 0.0,
      "recall": 0.0,
      "f1": 0.0
    },
    "a19": {
      "precision": 0.0,
      "recall": 0.0,
      "f1": 0.0
    },
    "a2": {
      "precision": 0.6,
      "recall": 0.75,
      "f1": 0.6666666666666666
    },
    "a24": {
      "precision": 0.0,
      "recall": 0.0,
      "f1": 0.0
    },
    "a30": {
      "precision": 0.5,
      "recall": 0.5,
      "f1": 0.5
    },
    "a40": {
      "precision": 0.6,
      "recall": 1.0,
      "f1": 0.75
    },
    "a42": {
      "precision": 1.0,
      "recall": 0.5,
      "f1": 0.6666666666666666
    },
    "a50": {
      "precision": 0.6666666666666666,
      "recall": 1.0,
      "f1": 0.8
    },
    "b1": {
      "precision": 1.0,
      "recall": 1.0,
      "f1": 1.0
    },
    "d1": {
      "precision": 1.0,
      "recall": 0.6666666666666666,
      "f1": 0.8
    },
    "d2": {
      "precision": 1.0,
      "recall": 0.9,
      "f1": 0.9473684210526315
    },
    "d21": {
      "precision": 1.0,
      "recall": 0.9459459459459459,
      "f1": 0.9722222222222222
    },
    "d28": {
      "precision": 1.0,
      "recall": 1.0,
      "f1": 1.0
    },
    "d35": {
      "precision": 1.0,
      "recall": 1.0,
      "f1": 1.0
    },
    "d36": {
      "precision": 1.0,
      "recall": 0.8823529411764706,
      "f1": 0.9375
    },
    "d37": {
      "precision": 0.6666666666666666,
      "recall": 0.875,
      "f1": 0.7567567567567568
    },
    "d39": {
      "precision": 1.0,
      "recall": 0.6666666666666666,
      "f1": 0.8
    },
    "d4": {
      "precision": 0.9615384615384616,
      "recall": 1.0,
      "f1": 0.9803921568627451
    },
    "d40": {
      "precision": 0.5,
      "recall": 0.2,
      "f1": 0.2857142857142857
    },
    "d45": {
      "precision": 1.0,
      "recall": 1.0,
      "f1": 1.0
    },
    "d46": {
      "precision": 0.8333333333333334,
      "recall": 1.0,
      "f1": 0.9090909090909091
    },
    "d52": {
      "precision": 0.0,
      "recall": 0.0,
      "f1": 0.0
    },
    "d54": {
      "precision": 0.0,
      "recall": 0.0,
      "f1": 0.0
    },
    "d55": {
      "precision": 0.875,
      "recall": 1.0,
      "f1": 0.9333333333333333
    },
    "d58": {
      "precision": 1.0,
      "recall": 1.0,
      "f1": 1.0
    },
    "d60": {
      "precision": 1.0,
      "recall": 1.0,
      "f1": 1.0
    },
    "e1": {
      "precision": 0.5,
      "recall": 0.5,
      "f1": 0.5
    },
    "e10": {
      "precision": 0.0,
      "recall": 0.0,
      "f1": 0.0
    },
    "e16": {
      "precision": 1.0,
      "recall": 1.0,
      "f1": 1.0
    },
    "e34": {
      "precision": 0.4444444444444444,
      "recall": 1.0,
      "f1": 0.6153846153846154
    },
    "e7": {
      "precision": 0.25,
      "recall": 1.0,
      "f1": 0.4
    },
    "f1": {
      "precision": 0.875,
      "recall": 1.0,
      "f1": 0.9333333333333333
    },
    "f12": {
      "precision": 1.0,
      "recall": 1.0,
      "f1": 1.0
    },
    "f21": {
      "precision": 0.0,
      "recall": 0.0,
      "f1": 0.0
    },
    "f26": {
      "precision": 1.0,
      "recall": 0.5,
      "f1": 0.6666666666666666
    },
    "f31": {
      "precision": 1.0,
      "recall": 1.0,
      "f1": 1.0
    },
    "f32": {
      "precision": 1.0,
      "recall": 0.5,
      "f1": 0.6666666666666666
    },
    "f35": {
      "precision": 0.8571428571428571,
      "recall": 1.0,
      "f1": 0.9230769230769231
    },
    "f39": {
      "precision": 1.0,
      "recall": 1.0,
      "f1": 1.0
    },
    "f4": {
      "precision": 1.0,
      "recall": 1.0,
      "f1": 1.0
    },
    "g14": {
      "precision": 0.0,
      "recall": 0.0,
      "f1": 0.0
    },
    "g17": {
      "precision": 0.75,
      "recall": 1.0,
      "f1": 0.8571428571428571
    },
    "g36": {
      "precision": 0.5,
      "recall": 0.6,
      "f1": 0.5454545454545454
    },
    "g37": {
      "precision": 0.0,
      "recall": 0.0,
      "f1": 0.0
    },
    "g38": {
      "precision": 1.0,
      "recall": 1.0,
      "f1": 1.0
    },
    "g40": {
      "precision": 0.5,
      "recall": 0.5,
      "f1": 0.5
    },
    "g43": {
      "precision": 1.0,
      "recall": 0.9473684210526315,
      "f1": 0.972972972972973
    },
    "g5": {
      "precision": 0.0,
      "recall": 0.0,
      "f1": 0.0
    },
    "h1": {
      "precision": 1.0,
      "recall": 1.0,
      "f1": 1.0
    },
    "h6": {
      "precision": 1.0,
      "recall": 0.8,
      "f1": 0.8888888888888888
    },
    "h8": {
      "precision": 0.0,
      "recall": 0.0,
      "f1": 0.0
    },
    "i1": {
      "precision": 1.0,
      "recall": 0.5,
      "f1": 0.6666666666666666
    },
    "i10": {
      "precision": 1.0,
      "recall": 1.0,
      "f1": 1.0
    },
    "i15": {
      "precision": 1.0,
      "recall": 1.0,
      "f1": 1.0
    },
    "i9": {
      "precision": 1.0,
      "recall": 1.0,
      "f1": 1.0
    },
    "l1": {
      "precision": 1.0,
      "recall": 0.75,
      "f1": 0.8571428571428571
    },
    "l2": {
      "precision": 1.0,
      "recall": 0.6666666666666666,
      "f1": 0.8
    },
    "m12": {
      "precision": 0.9,
      "recall": 1.0,
      "f1": 0.9473684210526315
    },
    "m16": {
      "precision": 1.0,
      "recall": 1.0,
      "f1": 1.0
    },
    "m17": {
      "precision": 0.96,
      "recall": 0.9795918367346939,
      "f1": 0.9696969696969697
    },
    "m18": {
      "precision": 1.0,
      "recall": 0.5,
      "f1": 0.6666666666666666
    },
    "m2": {
      "precision": 1.0,
      "recall": 1.0,
      "f1": 1.0
    },
    "m20": {
      "precision": 1.0,
      "recall": 1.0,
      "f1": 1.0
    },
    "m22": {
      "precision": 0.0,
      "recall": 0.0,
      "f1": 0.0
    },
    "m23": {
      "precision": 0.9473684210526315,
      "recall": 1.0,
      "f1": 0.972972972972973
    },
    "m3": {
      "precision": 0.0,
      "recall": 0.0,
      "f1": 0.0
    },
    "m42": {
      "precision": 0.0,
      "recall": 0.0,
      "f1": 0.0
    },
    "n1": {
      "precision": 0.8,
      "recall": 0.8888888888888888,
      "f1": 0.8421052631578947
    },
    "n14": {
      "precision": 0.6666666666666666,
      "recall": 1.0,
      "f1": 0.8
    },
    "n18": {
      "precision": 0.0,
      "recall": 0.0,
      "f1": 0.0
    },
    "n23": {
      "precision": 1.0,
      "recall": 1.0,
      "f1": 1.0
    },
    "n25": {
      "precision": 0.8,
      "recall": 1.0,
      "f1": 0.8888888888888888
    },
    "n26": {
      "precision": 0.75,
      "recall": 0.75,
      "f1": 0.75
    },
    "n33": {
      "precision": 0.7619047619047619,
      "recall": 0.8421052631578947,
      "f1": 0.8
    },
    "n33b": {
      "precision": 0.0,
      "recall": 0.0,
      "f1": 0.0
    },
    "n35": {
      "precision": 0.9322033898305084,
      "recall": 1.0,
      "f1": 0.9649122807017544
    },
    "n36": {
      "precision": 1.0,
      "recall": 0.5,
      "f1": 0.6666666666666666
    },
    "n37": {
      "precision": 1.0,
      "recall": 1.0,
      "f1": 1.0
    },
    "n42": {
      "precision": 1.0,
      "recall": 1.0,
      "f1": 1.0
    },
    "n8": {
      "precision": 1.0,
      "recall": 1.0,
      "f1": 1.0
    },
    "o1": {
      "precision": 1.0,
      "recall": 1.0,
      "f1": 1.0
    },
    "o29": {
      "precision": 0.0,
      "recall": 0.0,
      "f1": 0.0
    },
    "o3": {
      "precision": 1.0,
      "recall": 1.0,
      "f1": 1.0
    },