{
  "accuracy": 0.8919694072657743,
  "macro_precision": 0.8013500187293419,
  "macro_recall": 0.7700837098072809,
  "macro_f1": 0.7686666429877741,
  "per_class": {
    "Aa13": {
      "precision": 1.0,
      "recall": 1.0,
      "f1": 1.0
    },
    "Aa15": {
      "precision": 0.8333333333333334,
      "recall": 1.0,
      "f1": 0.9090909090909091
    },
    "F18": {
      "precision": 0.0,
      "recall": 0.0,
      "f1": 0.0
    },
    "a1": {
      "precision": 0.8823529411764706,
      "recall": 0.8333333333333334,
      "f1": 0.8571428571428571
    },
    "a17": {
      "precision": 1.0,
      "recall": 1.0,
      "f1": 1.0
    },
    "a19": {
      "precision": 1.0,
      "recall": 1.0,
      "f1": 1.0
    },
    "a2": {
      "precision": 0.375,
      "recall": 0.75,
      "f1": 0.5
    },
    "a24": {
      "precision": 1.0,
      "recall": 0.5,
      "f1": 0.6666666666666666
    },
    "a30": {
      "precision": 1.0,
      "recall": 1.0,
      "f1": 1.0
    },
    "a40": {
      "precision": 0.8571428571428571,
      "recall": 1.0,
      "f1": 0.9230769230769231
    },
    "a42": {
      "precision": 1.0,
      "recall": 1.0,
      "f1": 1.0
    },
    "a50": {
      "precision": 1.0,
      "recall": 0.5,
      "f1": 0.6666666666666666
    },
    "b1": {
      "precision": 1.0,
      "recall": 1.0,
      "f1": 1.0
    },
    "d1": {
      "precision": 0.0,
      "recall": 0.0,
      "f1": 0.0
    },
    "d2": {
      "precision": 0.8181818181818182,
      "recall": 0.9,
      "f1": 0.8571428571428571
    },
    "d21": {
      "precision": 0.9459459459459459,
      "recall": 0.9459459459459459,
      "f1": 0.9459459459459459
    },
    "d28": {
      "precision": 1.0,
      "recall": 0.8,
      "f1": 0.8888888888888888
    },
    "d35": {
      "precision": 1.0,
      "recall": 1.0,
      "f1": 1.0
    },
    "d36": {
      "precision": 0.9411764705882353,
      "recall": 0.9411764705882353,
      "f1": 0.9411764705882353
    },
    "d37": {
      "precision": 0.75,
      "recall": 0.9375,
      "f1": 0.8333333333333334
    },
    "d39": {
      "precision": 1.0,
      "recall": 0.6666666666666666,
      "f1": 0.8
    },
    "d4": {
      "precision": 0.8620689655172413,
      "recall": 1.0,
      "f1": 0.9259259259259259
    },
    "d40": {
      "precision": 0.6666666666666666,
      "recall": 0.4,
      "f1": 0.5
    },
    "d45": {
      "precision": 0.6666666666666666,
      "recall": 1.0,
      "f1": 0.8
    },
    "d46": {
      "precision": 0.7272727272727273,
      "recall": 0.8,
      "f1": 0.7619047619047619
    },
    "d52": {
      "precision": 1.0,
      "recall": 1.0,
      "f1": 1.0
    },
    "d54": {
      "precision": 0.0,
      "recall": 0.0,
      "f1": 0.0
    },
    "d55": {
      "precision": 0.75,
      "recall": 0.8571428571428571,
      "f1": 0.8
    },
    "d58": {
      "precision": 0.9285714285714286,
      "recall": 1.0,
      "f1": 0.9629629629629629
    },
    "d60": {
      "precision": 1.0,
      "recall": 1.0,
      "f1": 1.0
    },
    "e1": {
      "precision": 1.0,
      "recall": 1.0,
      "f1": 1.0
    },
    "e10": {
      "precision": 0.0,
      "recall": 0.0,
      "f1": 0.0
    },
    "e16": {
      "precision": 1.0,
      "recall": 1.0,
      "f1": 1.0
    },
    "e34": {
      "precision": 0.6666666666666666,
      "recall": 1.0,
      "f1": 0.8
    },
    "e7": {
      "precision": 0.5,
      "recall": 1.0,
      "f1": 0.6666666666666666
    },
    "f1": {
      "precision": 0.8,
      "recall": 0.5714285714285714,
      "f1": 0.6666666666666666
    },
    "f12": {
      "precision": 1.0,
      "recall": 1.0,
      "f1": 1.0
    },
    "f21": {
      "precision": 1.0,
      "recall": 0.5,
      "f1": 0.6666666666666666
    },
    "f26": {
      "precision": 1.0,
      "recall": 1.0,
      "f1": 1.0
    },
    "f31": {
      "precision": 1.0,
      "recall": 1.0,
      "f1": 1.0
    },
    "f32": {
      "precision": 1.0,
      "recall": 1.0,
      "f1": 1.0
    },
    "f35": {
      "precision": 0.782608695652174,
      "recall": 1.0,
      "f1": 0.8780487804878049
    },
    "f39": {
      "precision": 1.0,
      "recall": 1.0,
      "f1": 1.0
    },
    "f4": {
      "precision": 1.0,
      "recall": 1.0,
      "f1": 1.0
    },
    "g14": {
      "precision": 0.0,
      "recall": 0.0,
      "f1": 0.0
    },
    "g17": {
      "precision": 0.7647058823529411,
      "recall": 0.8666666666666667,
      "f1": 0.8125
    },
    "g36": {
      "precision": 0.6,
      "recall": 0.6,
      "f1": 0.6
    },
    "g37": {
      "precision": 1.0,
      "recall": 0.5,
      "f1": 0.6666666666666666
    },
    "g38": {
      "precision": 0.8,
      "recall": 1.0,
      "f1": 0.8888888888888888
    },
    "g40": {
      "precision": 1.0,
      "recall": 1.0,
      "f1": 1.0
    },
    "g43": {
      "precision": 0.85,
      "recall": 0.8947368421052632,
      "f1": 0.8717948717948718
    },
    "g5": {
      "precision": 0.5,
      "recall": 1.0,
      "f1": 0.6666666666666666
    },
    "h1": {
      "precision": 1.0,
      "recall": 0.8,
      "f1": 0.8888888888888888
    },
    "h6": {
      "precision": 1.0,
      "recall": 0.8,
      "f1": 0.8888888888888888
    },
    "h8": {
      "precision": 1.0,
      "recall": 1.0,
      "f1": 1.0
    },
    "i1": {
      "precision": 1.0,
      "recall": 0.5,
      "f1": 0.6666666666666666
    },
    "i10": {
      "precision": 1.0,
      "recall": 1.0,
      "f1": 1.0
    },
    "i15": {
      "precision": 1.0,
      "recall": 1.0,
      "f1": 1.0
    },
    "i9": {
      "precision": 0.9714285714285714,
      "recall": 1.0,
      "f1": 0.9855072463768116
    },
    "l1": {
      "precision": 1.0,
      "recall": 0.75,
      "f1": 0.8571428571428571
    },
    "l2": {
      "precision": 1.0,
      "recall": 1.0,
      "f1": 1.0
    },
    "m12": {
      "precision": 1.0,
      "recall": 0.7777777777777778,
      "f1": 0.875
    },
    "m16": {
      "precision": 0.8,
      "recall": 1.0,
      "f1": 0.8888888888888888
    },
    "m17": {
      "precision": 0.9411764705882353,
      "recall": 0.9795918367346939,
      "f1": 0.96
    },
    "m18": {
      "precision": 1.0,
      "recall": 0.5,
      "f1": 0.6666666666666666
    },
    "m2": {
      "precision": 0.0,
      "recall": 0.0,
      "f1": 0.0
    },
    "m20": {
      "precision": 1.0,
      "recall": 0.5,
      "f1": 0.6666666666666666
    },
    "m22": {
      "precision": 0.0,
      "recall": 0.0,
      "f1": 0.0
    },
    "m23": {
      "precision": 0.9411764705882353,
      "recall": 0.8888888888888888,
      "f1": 0.9142857142857143
    },
    "m3": {
      "precision": 0.0,
      "recall": 0.0,
      "f1": 0.0
    },
    "m42": {
      "precision": 1.0,
      "recall": 1.0,
      "f1": 1.0
    },
    "n1": {
      "precision": 0.8888888888888888,
      "recall": 0.8888888888888888,
      "f1": 0.8888888888888888
    },
    "n14": {
      "precision": 0.8,
      "recall": 1.0,
      "f1": 0.8888888888888888
    },
    "n18": {
      "precision": 0.0,
      "recall": 0.0,
      "f1": 0.0
    },
    "n23": {
      "precision": 0.0,
      "recall": 0.0,
      "f1": 0.0
    },
    "n25": {
      "precision": 1.0,
      "recall": 0.75,
      "f1": 0.8571428571428571
    },
    "n26": {
      "precision": 1.0,
      "recall": 0.75,
      "f1": 0.8571428571428571
    },
    "n33": {
      "precision": 0.8181818181818182,
      "recall": 0.9473684210526315,
      "f1": 0.8780487804878049
    },
    "n33b": {
      "precision": 1.0,
      "recall": 1.0,
      "f1": 1.0
    },
    "n35": {
      "precision": 0.9482758620689655,
      "recall": 1.0,
      "f1": 0.9734513274336283
    },
    "n36": {
      "precision": 0.6666666666666666,
      "recall": 1.0,
      "f1": 0.8
    },
    "n37": {
      "precision": 0.0,
      "recall": 0.0,
      "f1": 0.0
    },
    "n42": {
      "precision": 1.0,
      "recall": 1.0,
      "f1": 1.0
    },
    "n8": {
      "precision": 1.0,
      "recall": 1.0,