{
  "accuracy": 0.9311663479923518,
  "macro_precision": 0.8745215355346168,
  "macro_recall": 0.8580310252399037,
  "macro_f1": 0.8534278673826003,
  "per_class": {
    "Aa13": {
      "precision": 0.6666666666666666,
      "recall": 1.0,
      "f1": 0.8
    },
    "Aa15": {
      "precision": 1.0,
      "recall": 0.8,
      "f1": 0.8888888888888888
    },
    "F18": {
      "precision": 1.0,
      "recall": 1.0,
      "f1": 1.0
    },
    "a1": {
      "precision": 0.9444444444444444,
      "recall": 0.9444444444444444,
      "f1": 0.9444444444444444
    },
    "a17": {
      "precision": 1.0,
      "recall": 1.0,
      "f1": 1.0
    },
    "a19": {
      "precision": 1.0,
      "recall": 1.0,
      "f1": 1.0
    },
    "a2": {
      "precision": 0.75,
      "recall": 0.75,
      "f1": 0.75
    },
    "a24": {
      "precision": 1.0,
      "recall": 0.5,
      "f1": 0.6666666666666666
    },
    "a30": {
      "precision": 1.0,
      "recall": 1.0,
      "f1": 1.0
    },
    "a40": {
      "precision": 1.0,
      "recall": 1.0,
      "f1": 1.0
    },
    "a42": {
      "precision": 1.0,
      "recall": 1.0,
      "f1": 1.0
    },
    "a50": {
      "precision": 1.0,
      "recall": 1.0,
      "f1": 1.0
    },
    "b1": {
      "precision": 1.0,
      "recall": 1.0,
      "f1": 1.0
    },
    "d1": {
      "precision": 1.0,
      "recall": 0.3333333333333333,
      "f1": 0.5
    },
    "d2": {
      "precision": 0.9,
      "recall": 0.9,
      "f1": 0.9
    },
    "d21": {
      "precision": 0.9722222222222222,
      "recall": 0.9459459459459459,
      "f1": 0.958904109589041
    },
    "d28": {
      "precision": 1.0,
      "recall": 1.0,
      "f1": 1.0
    },
    "d35": {
      "precision": 1.0,
      "recall": 1.0,
      "f1": 1.0
    },
    "d36": {
      "precision": 1.0,
      "recall": 0.8823529411764706,
      "f1": 0.9375
    },
    "d37": {
      "precision": 0.75,
      "recall": 0.9375,
      "f1": 0.8333333333333334
    },
    "d39": {
      "precision": 1.0,
      "recall": 0.6666666666666666,
      "f1": 0.8
    },
    "d4": {
      "precision": 0.8620689655172413,
      "recall": 1.0,
      "f1": 0.9259259259259259
    },
    "d40": {
      "precision": 0.6666666666666666,
      "recall": 0.4,
      "f1": 0.5
    },
    "d45": {
      "precision": 0.6666666666666666,
      "recall": 1.0,
      "f1": 0.8
    },
    "d46": {
      "precision": 1.0,
      "recall": 0.9,
      "f1": 0.9473684210526315
    },
    "d52": {
      "precision": 0.0,
      "recall": 0.0,
      "f1": 0.0
    },
    "d54": {
      "precision": 0.0,
      "recall": 0.0,
      "f1": 0.0
    },
    "d55": {
      "precision": 0.75,
      "recall": 0.8571428571428571,
      "f1": 0.8
    },
    "d58": {
      "precision": 1.0,
      "recall": 1.0,
      "f1": 1.0
    },
    "d60": {
      "precision": 1.0,
      "recall": 1.0,
      "f1": 1.0
    },
    "e1": {
      "precision": 1.0,
      "recall": 0.5,
      "f1": 0.6666666666666666
    },
    "e10": {
      "precision": 1.0,
      "recall": 1.0,
      "f1": 1.0
    },
    "e16": {
      "precision": 1.0,
      "recall": 1.0,
      "f1": 1.0
    },
    "e34": {
      "precision": 0.6666666666666666,
      "recall": 1.0,
      "f1": 0.8
    },
    "e7": {
      "precision": 0.3333333333333333,
      "recall": 1.0,
      "f1": 0.5
    },
    "f1": {
      "precision": 0.8571428571428571,
      "recall": 0.8571428571428571,
      "f1": 0.8571428571428571
    },
    "f12": {
      "precision": 1.0,
      "recall": 1.0,
      "f1": 1.0
    },
    "f21": {
      "precision": 1.0,
      "recall": 0.5,
      "f1": 0.6666666666666666
    },
    "f26": {
      "precision": 1.0,
      "recall": 1.0,
      "f1": 1.0
    },
    "f31": {
      "precision": 1.0,
      "recall": 1.0,
      "f1": 1.0
    },
    "f32": {
      "precision": 1.0,
      "recall": 0.5,
      "f1": 0.6666666666666666
    },
    "f35": {
      "precision": 0.9473684210526315,
      "recall": 1.0,
      "f1": 0.972972972972973
    },
    "f39": {
      "precision": 1.0,
      "recall": 1.0,
      "f1": 1.0
    },
    "f4": {
      "precision": 1.0,
      "recall": 1.0,
      "f1": 1.0
    },
    "g14": {
      "precision": 0.5,
      "recall": 0.3333333333333333,
      "f1": 0.4
    },
    "g17": {
      "precision": 0.8823529411764706,
      "recall": 1.0,
      "f1": 0.9375
    },
    "g36": {
      "precision": 1.0,
      "recall": 1.0,
      "f1": 1.0
    },
    "g37": {
      "precision": 1.0,
      "recall": 1.0,
      "f1": 1.0
    },
    "g38": {
      "precision": 1.0,
      "recall": 1.0,
      "f1": 1.0
    },
    "g40": {
      "precision": 0.5,
      "recall": 0.5,
      "f1": 0.5
    },
    "g43": {
      "precision": 1.0,
      "recall": 0.9473684210526315,
      "f1": 0.972972972972973
    },
    "g5": {
      "precision": 0.0,
      "recall": 0.0,
      "f1": 0.0
    },
    "h1": {
      "precision": 1.0,
      "recall": 1.0,
      "f1": 1.0
    },
    "h6": {
      "precision": 1.0,
      "recall": 0.8,
      "f1": 0.8888888888888888
    },
    "h8": {
      "precision": 0.5,
      "recall": 1.0,
      "f1": 0.6666666666666666
    },
    "i1": {
      "precision": 1.0,
      "recall": 0.5,
      "f1": 0.6666666666666666
    },
    "i10": {
      "precision": 1.0,
      "recall": 1.0,
      "f1": 1.0
    },
    "i15": {
      "precision": 1.0,
      "recall": 1.0,
      "f1": 1.0
    },
    "i9": {
      "precision": 1.0,
      "recall": 1.0,
      "f1": 1.0
    },
    "l1": {
      "precision": 1.0,
      "recall": 0.75,
      "f1": 0.8571428571428571
    },
    "l2": {
      "precision": 1.0,
      "recall": 0.6666666666666666,
      "f1": 0.8
    },
    "m12": {
      "precision": 0.8181818181818182,
      "recall": 1.0,
      "f1": 0.9
    },
    "m16": {
      "precision": 1.0,
      "recall": 1.0,
      "f1": 1.0
    },
    "m17": {
      "precision": 1.0,
      "recall": 1.0,
      "f1": 1.0
    },
    "m18": {
      "precision": 1.0,
      "recall": 1.0,
      "f1": 1.0
    },
    "m2": {
      "precision": 1.0,
      "recall": 1.0,
      "f1": 1.0
    },
    "m20": {
      "precision": 1.0,
      "recall": 1.0,
      "f1": 1.0
    },
    "m22": {
      "precision": 0.0,
      "recall": 0.0,
      "f1": 0.0
    },
    "m23": {
      "precision": 0.9473684210526315,
      "recall": 1.0,
      "f1": 0.972972972972973
    },
    "m3": {
      "precision": 0.6666666666666666,
      "recall": 0.6666666666666666,
      "f1": 0.6666666666666666
    },
    "m42": {
      "precision": 1.0,
      "recall": 1.0,
      "f1": 1.0
    },
    "n1": {
      "precision": 1.0,
      "recall": 0.8888888888888888,
      "f1": 0.9411764705882353
    },
    "n14": {
      "precision": 1.0,
      "recall": 1.0,
      "f1": 1.0
    },
    "n18": {
      "precision": 0.0,
      "recall": 0.0,
      "f1": 0.0
    },
    "n23": {
      "precision": 1.0,
      "recall": 1.0,
      "f1": 1.0
    },
    "n25": {
      "precision": 0.8,
      "recall": 1.0,
      "f1": 0.8888888888888888
    },
    "n26": {
      "precision": 1.0,
      "recall": 0.75,
      "f1": 0.8571428571428571
    },
    "n33": {
      "precision": 0.8181818181818182,
      "recall": 0.9473684210526315,
      "f1": 0.8780487804878049
    },
    "n33b": {
      "precision": 1.0,
      "recall": 1.0,
      "f1": 1.0
    },
    "n35": {
      "precision": 0.9821428571428571,
      "recall": 1.0,
      "f1": 0.990990990990991
    },
    "n36": {
      "precision": 1.0,
      "recall": 1.0,
      "f1": 1.0
    },
    "n37": {
      "precision": 0.6666666666666666,
      "recall": 1.0,
      "f1": 0.8
    },
    "n42": {
      "precision": 1.0,
      "recall": 1.0,
      "f1": 1.0
    },
    "n8": {
      "precision": 1.0,
      "recall": 1.0,
      "f1": 1.0
    },
    "o1": {
      "precision": 0.8823529411764706,
      "recall": 1.0,
      "f1": 0.9375
    },
    "o29": {
      "precision": 1.0,
      "recall": 1.0,
      "f1": 1.0
    },
    "o3": {
      "precision": 1.0,